userId,names
1,Jennifer Winters
2,Joe Leon
3,Emily Martinez
4,Cheryl Bautista
5,Victoria Colon
6,Brian Davis
7,Colton Gonzalez
8,Linda Alvarado
9,Cheryl Carr
10,Brian Reed
11,John Fletcher
12,Brooke Lang
13,Charles Cannon
14,Todd Barajas
15,Courtney Conrad DDS
16,Tamara Rodriguez
17,Brandon Munoz
18,Brandy Smith
19,Renee Ford
20,Sheila Jones
21,Lindsay Williams
22,Chris Wood
23,Brian Turner
24,Nathaniel Allen
25,Erica Turner
26,Mark Page
27,Samuel Hancock
28,Janet Roberts
29,Donna Leonard
30,Rebecca Simpson
31,Andrea Griffin
32,Robert Wilson
33,Brian Price
34,John Williams
35,Tyler Baker
36,Shawn Shaw
37,Cheryl Evans
38,Heather Allen
39,Bradley Butler
40,Terry Torres MD
41,Thomas Rose
42,Jonathon Barber
43,Johnathan Doyle
44,Michelle Parker
45,Mr. Jeffery Steele
46,Rhonda Mccann
47,Laura Cruz
48,Thomas Frank
49,Eric Maldonado
50,Sergio Gordon
51,Carrie Robinson
52,Stacey Brooks
53,Rick Kennedy
54,Lori Jimenez
55,John Allison
56,Alexis Oneill
57,Kimberly Delgado
58,Danielle Doyle
59,Sabrina Jones
60,Emily Mckay
61,Jessica Hernandez
62,Michael Jefferson
63,Heather Stewart
64,Jacqueline Miller
65,Michael Perez
66,Sean Walker
67,Kimberly Melton
68,Charles Gonzalez
69,Kevin Bell
70,Mark Watson
71,Joseph Liu
72,Michael Hicks
73,James Jacobson
74,Andrew Hayes
75,Michael Livingston
76,Devin Garcia
77,Justin Bowman
78,Scott White
79,Henry Robinson
80,Jason Hicks
81,Jessica Foster
82,Sean Guzman
83,Rebecca Bowman
84,Joshua Strickland
85,Sarah Hansen
86,Walter Newman
87,Kelly Allen MD
88,Benjamin Perez
89,Matthew Thompson
90,Adrienne Lewis
91,Darrell Shaw
92,Kyle Gallegos
93,Maria Taylor
94,Sandra Jones
95,William Edwards
96,Dr. Timothy Carter
97,Craig Roy
98,Nathan Cook
99,Heather Burns
100,Erin Barton
101,Taylor Hernandez
102,Ryan Ramirez
103,Morgan Rogers
104,Glenn Roberts
105,Nicole Martin
106,Carlos Larson
107,Beth Turner
108,Tyler Moody
109,Jodi Cain
110,Amy Erickson
111,James Jenkins
112,Eric Valencia
113,Kim Diaz
114,Donna Chandler
115,Andrew Lopez
116,Kristen Macias
117,John Peters
118,Joanna Johnson
119,Karen Gregory
120,Ashley Crawford
121,Alexandra Hernandez
122,Benjamin Maddox
123,Lonnie Wright
124,Alexandra Wong
125,Larry Dixon
126,Brandon Ferguson
127,William Christensen
128,Bryce Walters
129,Matthew Romero
130,Elizabeth Rivera
131,Deborah Rogers
132,Angela Roberts
133,Bryan Gonzalez
134,Lisa Smith
135,Ashley Hanson
136,Jason Choi
137,Andrew Castro
138,Tiffany Evans
139,Kimberly Rubio
140,Debra Martinez
141,Cindy Mason
142,Heidi Rivas
143,Kristine Gonzales
144,Richard Moran
145,Gregory Ramsey
146,Christine Smith
147,Susan Johnson
148,Holly Schwartz
149,Jared Morgan
150,Brianna Lara
151,Katie Cummings
152,Christopher Roberts
153,Cynthia Long
154,Miranda Heath
155,Bryan Nelson
156,Monica Gates
157,Melissa Hogan
158,Amanda Simmons
159,Kendra Johnson
160,William Taylor
161,Valerie Everett
162,Raymond Hamilton
163,Nancy Peters
164,Scott Bradley
165,Julia Fisher
166,Daniel Riley
167,Sarah Moore
168,Ryan Ramos
169,Dustin Bailey
170,David Pratt
171,Dr. Kelly Trujillo
172,Noah Brown
173,Steven Chang
174,Steven Oconnor
175,Julia Hood
176,Eric Rodriguez
177,Mary King
178,Michael Reed
179,Nancy Davis
180,Jennifer Roach
181,Bryan Greer
182,Michael Harris
183,Robert Smith
184,Angela Phelps
185,Brenda Martinez
186,Dr. Michael Holt MD
187,Debbie Conway
188,Jessica Keith
189,Jessica Lam
190,Eric Greene
191,Matthew Ball
192,Brandon Williams
193,Robert Zimmerman
194,Jacob Fletcher
195,Joshua Gregory
196,Michelle Jones
197,Kim Mcdonald DDS
198,Rebecca Olson
199,Thomas Griffin
200,Alexander Hale
201,Bonnie Hayes
202,Jessica Buchanan
203,Lisa Brooks
204,Joseph Sanchez
205,Stanley Foster
206,Linda Dorsey
207,Laurie Terrell
208,Amber Hernandez
209,Jaime Lynch
210,Nathan West
211,Jill Jones
212,Marie Castro
213,Michael Knox
214,Mrs. Samantha Logan PhD
215,Suzanne Ray
216,Brianna Mora
217,Anthony Wheeler
218,Paige Walker
219,Olivia Espinoza
220,Tina Adams
221,Andrew Anderson
222,Edward Pruitt
223,Joseph Ross
224,Joshua Gonzalez
225,Robert Fritz
226,Kenneth Evans
227,Michael Ruiz
228,Kaitlin Gonzalez
229,Levi Moore
230,Victor Armstrong
231,Lisa Tanner MD
232,Nicole Eaton
233,Joshua Perez
234,Blake Simmons
235,James Brock
236,Michael Garcia
237,Tammy Bradley
238,Tammy Gonzales
239,Steven Stone
240,Rebecca Clark
241,Jillian Soto
242,Janet Collier
243,Kevin Curtis
244,Kenneth Clark
245,Teresa Morris
246,Tonya Lin
247,Lynn Lewis
248,Alexis Levine
249,Michael Hall DVM
250,Richard Arnold
251,Sara Collins
252,Jasmin Curtis
253,Jon Pitts
254,Emily Long
255,David Espinoza
256,Mr. Dennis Gonzalez MD
257,Jacqueline Castaneda
258,Lori Brown
259,Alexandria Miranda
260,Andrew Webb
261,Carl Lee
262,Kenneth Ray
263,James Howard
264,Daniel Weber
265,Jeffrey Chan
266,David Mcgee
267,Clinton Cruz
268,Anthony Scott
269,Wendy Murphy
270,James Williams
271,Christopher Kennedy
272,David Lynch
273,Vanessa Jackson
274,Richard Poole
275,Penny Skinner
276,Christopher Grant
277,Monique Phillips
278,Michael Roberts
279,Brian Thompson
280,John Hall
281,Holly Brooks
282,Julie Lawrence
283,Alyssa Park
284,Karen Hale
285,Matthew Wilson
286,Alexa Rodriguez
287,Hannah Wong
288,Edward Johnston
289,Roger Hanson
290,Shannon Nelson
291,Mario Sanchez
292,Ellen Barker
293,Isaac Richardson
294,Mitchell Hamilton
295,Taylor Martinez
296,Ashley Armstrong
297,Christopher Rivera
298,Rachel Washington
299,Haley Palmer
300,Sarah Koch
301,Karen Coleman
302,Jennifer Banks
303,Tina Nichols
304,Rose Johnson
305,Ryan Lucero
306,Nicole Owen
307,Blake Smith
308,Thomas Coleman
309,Kara Stephens
310,Allison Thomas
311,Sandra Fuller
312,Craig Jones
313,Tina Clarke
314,Becky Moran
315,Nicole Mcdonald
316,Larry Willis
317,Steven Kramer
318,Nathaniel Ayers
319,Michael Smith
320,Tina Frederick DDS
321,Jacqueline Grant
322,Gabriella Foster
323,Andrea Phillips
324,Beth Fitzgerald
325,Kaylee Perez
326,Christopher Davis
327,Jaime Anderson
328,Kristin Rodriguez
329,Rachel Simmons
330,Shelby Leblanc
331,Kelly Robinson
332,Anne Thomas
333,Richard Wilson
334,Vincent Cohen
335,Gabrielle Fritz
336,Troy Garcia Jr.
337,Andrew Cain
338,Joseph Rodriguez
339,Valerie Smith
340,Natalie Morales
341,Hannah Campbell
342,Christine George
343,Brittany Perkins
344,Taylor Tucker
345,Brian Anderson
346,Robert Morales
347,Jason Mcclain
348,Danielle Cruz
349,Jerry Fowler
350,Sherry Williams
351,Jeffery Perez
352,Patrick Shields
353,Kathleen Peters
354,Rebecca Gonzales
355,Deborah Parker
356,Alexis Flores
357,James Warren
358,Darius Shaw
359,Diane Harris
360,Susan Kim
361,Pamela Vazquez
362,Carol Kirby
363,Kenneth Graves
364,Deborah Mcmahon
365,Jason Monroe
366,Dylan Maynard
367,Heather Franklin
368,Susan Munoz
369,Kristen Hutchinson
370,Kendra Conner DVM
371,Kelly Hernandez
372,Jeremy Medina
373,April Pratt
374,Stacey Fernandez
375,Connie Black
376,Henry Myers
377,Jason Hall
378,Dr. Travis White MD
379,Kenneth Sanchez
380,Scott Rogers PhD
381,Michael Wilson
382,Emily Mays
383,Ricky Gould
384,Ronald Faulkner
385,William Carter
386,Jessica Wright
387,Douglas Davis
388,Timothy Williams
389,Gregory Aguilar
390,Jennifer Harris
391,Joan Atkins
392,Mia Miller
393,Brandon Sandoval
394,Jonathan Robinson
395,Geoffrey Rodriguez
396,Lauren Miller
397,Gina Rogers
398,Amanda Yoder
399,Carrie Ryan
400,Michael Brown
401,Courtney Logan
402,John Smith
403,Victor King
404,Tonya Becker
405,Mrs. Rachel Young
406,John Johnson
407,Kathleen Cook
408,Teresa Watkins
409,Lauren Barron
410,Felicia Bailey
411,Christine Powell
412,Jonathan Singh
413,Margaret Schmidt
414,Kayla Nichols
415,Julie Sosa
416,Kimberly Blake
417,Timothy Roberts
418,Carla Lin
419,Matthew Cruz
420,William Sanders
421,Philip Pearson
422,Douglas Zuniga
423,Jesse Thomas
424,Monica Solis
425,Meghan Gray
426,Kelly Chapman
427,Craig Smith
428,Caroline Cooper
429,Jeffrey Williamson
430,Alexander Khan
431,Jaime Porter
432,Kathryn Cantrell
433,Devin Strong
434,Katherine Friedman
435,Tammy Alvarez
436,Thomas Hendricks
437,James Clarke
438,Dylan Cooper
439,Nathan Hayes
440,Stephen Lawrence
441,Amanda Schmitt
442,Sarah Weaver
443,Jonathan Davis
444,Erika Pruitt
445,Sydney Figueroa
446,Dalton Johnson
447,Alexandra Logan
448,John Rowe
449,Amanda Garcia
450,Anthony Haas
451,Darryl Sexton
452,Robert Griffin
453,Louis Carroll
454,Timothy Lopez
455,Manuel Carter
456,Elizabeth Reese
457,Lawrence Wolf
458,Hermione
459,Tracey Flowers
460,Gerald Gordon
461,Rachel Chase
462,Mary Willis
463,Peter Meadows DDS
464,Jerry Rodriguez
465,Casey Hamilton
466,Alexis Martin
467,Christopher Anderson
468,Justin Cummings
469,Kevin Ramos
470,Sarah Price
471,Douglas Burns MD
472,Catherine Bradford
473,Jessica Barrett
474,Christopher Mendez
475,Benjamin Gibson
476,Oscar Barnett
477,Brian Sellers
478,Ashley Hill
479,Austin Clark
480,Justin Tucker
481,Paul Sims
482,Thomas Washington
483,Mathew Miller
484,Jimmy Gates
485,Bryan Jackson
486,Jimmy Hart
487,Mary Walton
488,Taylor Lamb
489,Steven Fernandez
490,William Bennett
491,Bianca Cooper
492,Zachary Washington
493,Jennifer Gonzales
494,David Phillips
495,Marcus Garcia
496,Gina Weaver
497,Matthew Camacho
498,Sara Riley
499,Rachael Cooper
500,Cassandra Jackson
501,Morgan Martinez
502,Kelly Howell
503,Katelyn Roberts
504,Jennifer Thomas
505,Benjamin Lewis
506,Michelle Holland
507,Brett Hernandez
508,Nancy Guzman
509,Crystal Taylor
510,David King
511,Anna Perez
512,Eric Anderson
513,Keith Santiago
514,David Garrett
515,Laura Davis
516,Sandra Lewis
517,Karen Garcia
518,Jenny Harris
519,Tracy Santiago
520,Angelica Taylor
521,Heather Bell
522,Jeffrey Morton
523,Melissa Collins
524,Mr. Kevin Brown
525,Shelby Herrera
526,Christy Black
527,Danielle Long
528,Gregory Quinn
529,Ashley Ford
530,Robert Ford
531,Mandy Ryan
532,Todd Monroe
533,Kevin Kline
534,Karen Johnson
535,Kevin Mcdaniel
536,Lisa Chan
537,George Riddle
538,Richard Howard
539,Anita Wolf
540,Lisa Walker
541,Sharon Nelson
542,Gina Hunt
543,David Romero
544,Jessica Ross
545,Gail Martin
546,Elizabeth Ellis
547,John Vaughan
548,Nicole Arellano
549,Randy Mitchell
550,Thomas Estrada
551,Roy Clark
552,Mr. Adrian Scott IV
553,Autumn Christensen
554,Charles Brooks
555,Alan Willis
556,Kristin Mcgee
557,Amy Bass
558,Cynthia King
559,Jonathan Oneill
560,Michael Hendricks
561,Brittany Howard
562,Christy Higgins
563,Michelle Miller
564,Kayla Williams
565,Casey Burns
566,Taylor Torres
567,Katie Perez
568,Carrie Wright
569,Jamie Velasquez
570,Julie Jones
571,Dawn Jones
572,Terry Brown
573,Scott Romero
574,Andrew Le
575,Mark Rosales
576,Beverly Mendoza
577,Stephen Burton
578,Mary Chandler
579,Frank Parker
580,Weasley
581,Cassandra Baker
582,John Cena
583,Beth Stephens
584,Larry Castillo
585,Nicole Hughes
586,Sean Holmes
587,Jessica York
588,Karen Peck
589,Joel Ford
590,Robert Rivera
591,Tara Smith
592,Hannah Castillo
593,Jeffery Ramos
594,Austin Hansen
595,Lisa Sullivan
596,Craig Steele
597,Adam Contreras
598,Zachary Powers
599,Ashley Gray
600,Regina Miller
601,Mary Hendricks
602,Daniel Morgan
603,Chelsey Smith
604,Ronald Hill
605,Amanda Alvarez
606,Benjamin Chan
607,Nancy Jackson
608,Shawn Smith
609,Henry Johnson
610,Harry Potter
